{
  "WorkItem": {
    "AffectedComponent": {
      "Name": "",
      "DisplayName": ""
    },
    "ClosedComment": "",
    "ClosedDate": "2012-02-19T03:13:30.1-08:00",
    "CommentCount": 0,
    "Custom": null,
    "Description": "NON PIU' RILEVANTE\n \n-Entry points \"per ogni\" categoria?\n-startup provider\nAnd see also the item 251.\n \n(If this very item is obscure to you, enjoy the recursion.)",
    "LastUpdatedDate": "2013-05-13T11:25:21.087-07:00",
    "PlannedForRelease": "",
    "ReleaseVisibleToPublic": false,
    "Priority": {
      "Name": "Unassigned",
      "Severity": 0,
      "Id": 0
    },
    "ProjectName": "deepspacepirates",
    "ReportedDate": "2011-11-03T12:06:13.393-07:00",
    "Status": {
      "Name": "Closed",
      "Id": 4
    },
    "ReasonClosed": {
      "Name": "Unassigned"
    },
    "Summary": "Clarify obscure work items",
    "Type": {
      "Name": "Issue",
      "Id": 3
    },
    "VoteCount": 0,
    "Id": 255
  },
  "FileAttachments": [],
  "Comments": []
}