[
  {
    "Id": 3,
    "Title": "Create Your First Work-Item"
  },
  {
    "Id": 4,
    "Title": "Current Source Code Check-in"
  },
  {
    "Id": 249,
    "Title": "Buttare unit testing"
  },
  {
    "Id": 250,
    "Title": "Config. su file"
  },
  {
    "Id": 251,
    "Title": "gocVisual->mesh (cambio nome)"
  },
  {
    "Id": 252,
    "Title": "eliminare il parametro start/stop"
  },
  {
    "Id": 253,
    "Title": "vector3d -> dsMath + pulire"
  },
  {
    "Id": 254,
    "Title": "-init list nei costruttori"
  },
  {
    "Id": 255,
    "Title": "Clarify obscure work items"
  },
  {
    "Id": 256,
    "Title": "Game loop fuori da ogre"
  },
  {
    "Id": 578,
    "Title": "Havok should be integrated in current physics components"
  },
  {
    "Id": 580,
    "Title": "BUG: Crash on Escape button pressed before spaceship appereance"
  },
  {
    "Id": 612,
    "Title": "The Cameraman"
  }
]