[
  {
    "Title": "Home",
    "Id": "703683",
    "ParentWikiTitle": "Home",
    "FileExtension": "codeplexwiki",
    "UpdatedDate": "2013-03-10T08:38:59.18-07:00",
    "FileAttachments": []
  },
  {
    "Title": "Documentation",
    "Id": "499071",
    "ParentWikiTitle": "Documentation",
    "FileExtension": "codeplexwiki",
    "UpdatedDate": "2011-11-19T07:26:37.773-08:00",
    "FileAttachments": []
  },
  {
    "Title": "Input system",
    "Id": "499063",
    "ParentWikiTitle": "Documentation",
    "FileExtension": "codeplexwiki",
    "UpdatedDate": "2011-11-19T06:58:56.103-08:00",
    "FileAttachments": []
  },
  {
    "Title": "Easy Singleton",
    "Id": "499061",
    "ParentWikiTitle": "Documentation",
    "FileExtension": "codeplexwiki",
    "UpdatedDate": "2011-11-19T06:45:35.9-08:00",
    "FileAttachments": []
  },
  {
    "Title": "Resources",
    "Id": "499058",
    "ParentWikiTitle": "Documentation",
    "FileExtension": "codeplexwiki",
    "UpdatedDate": "2011-11-19T06:39:15.233-08:00",
    "FileAttachments": []
  }
]
